--
-- PostgreSQL database dump
--

-- Dumped from database version 10.5 (Ubuntu 10.5-0ubuntu0.18.04)
-- Dumped by pg_dump version 10.5 (Ubuntu 10.5-0ubuntu0.18.04)

SET statement_timeout = 0;
SET lock_timeout = 0;
SET idle_in_transaction_session_timeout = 0;
SET client_encoding = 'UTF8';
SET standard_conforming_strings = on;
SELECT pg_catalog.set_config('search_path', '', false);
SET check_function_bodies = false;
SET client_min_messages = warning;
SET row_security = off;

--
-- Data for Name: banlist; Type: TABLE DATA; Schema: public; Owner: root
--

INSERT INTO public.banlist (steamid) VALUES ('99999999999999999');


--
-- Data for Name: boolt; Type: TABLE DATA; Schema: public; Owner: root
--

INSERT INTO public.boolt (booltest) VALUES (false);


--
-- Data for Name: chatbuffer; Type: TABLE DATA; Schema: public; Owner: root
--



--
-- Data for Name: discordnames; Type: TABLE DATA; Schema: public; Owner: root
--

INSERT INTO public.discordnames (discordname) VALUES ('Rykker#7393');
INSERT INTO public.discordnames (discordname) VALUES ('Galaxy Cluster#2744');
INSERT INTO public.discordnames (discordname) VALUES ('Sheriffen#8983');
INSERT INTO public.discordnames (discordname) VALUES ('Markimus#7102');
INSERT INTO public.discordnames (discordname) VALUES ('Addrianna#4562');
INSERT INTO public.discordnames (discordname) VALUES ('Wheats#8243');
INSERT INTO public.discordnames (discordname) VALUES ('Zauron#4247');
INSERT INTO public.discordnames (discordname) VALUES ('Weiser#3768');
INSERT INTO public.discordnames (discordname) VALUES ('Elsynia#7739');
INSERT INTO public.discordnames (discordname) VALUES ('Galaxy Cluster#7499');
INSERT INTO public.discordnames (discordname) VALUES ('BartimusPrime#1360');
INSERT INTO public.discordnames (discordname) VALUES ('server-notifications#0000');
INSERT INTO public.discordnames (discordname) VALUES ('Jjonesyy#3190');
INSERT INTO public.discordnames (discordname) VALUES ('AKsnow#7107');
INSERT INTO public.discordnames (discordname) VALUES ('Mantuh#7840');
INSERT INTO public.discordnames (discordname) VALUES ('Karma#0117');
INSERT INTO public.discordnames (discordname) VALUES ('Kibbles#3627');
INSERT INTO public.discordnames (discordname) VALUES ('ExtremeSaber#4726');
INSERT INTO public.discordnames (discordname) VALUES ('SlayerEmpyreus#4431');
INSERT INTO public.discordnames (discordname) VALUES ('Spiffiestbook07#0405');
INSERT INTO public.discordnames (discordname) VALUES ('skeet#1292');
INSERT INTO public.discordnames (discordname) VALUES ('jjstar511#8589');
INSERT INTO public.discordnames (discordname) VALUES ('Snuffy#8617');
INSERT INTO public.discordnames (discordname) VALUES ('Asperum#3498');
INSERT INTO public.discordnames (discordname) VALUES ('Sam (Samayl)#4568');
INSERT INTO public.discordnames (discordname) VALUES ('Slywolf117#7892');
INSERT INTO public.discordnames (discordname) VALUES ('Destini#3410');
INSERT INTO public.discordnames (discordname) VALUES ('-EagleWolf-#5150');
INSERT INTO public.discordnames (discordname) VALUES ('Zhayl#6647');
INSERT INTO public.discordnames (discordname) VALUES ('Respawn#7501');
INSERT INTO public.discordnames (discordname) VALUES ('Tindin#6907');
INSERT INTO public.discordnames (discordname) VALUES ('Nosferatu Zodd#9045');
INSERT INTO public.discordnames (discordname) VALUES ('Nosferatu#7981');
INSERT INTO public.discordnames (discordname) VALUES ('♥⭕🏹Oryx(づ^ö^)づ🏹⭕♥#2853');
INSERT INTO public.discordnames (discordname) VALUES ('DemiVFX#6969');
INSERT INTO public.discordnames (discordname) VALUES ('trippy993#9936');
INSERT INTO public.discordnames (discordname) VALUES ('Kaylamari#4410');
INSERT INTO public.discordnames (discordname) VALUES ('Cabin#5998');
INSERT INTO public.discordnames (discordname) VALUES ('Disturbed#1703');
INSERT INTO public.discordnames (discordname) VALUES ('DJ_hellscythe#0477');
INSERT INTO public.discordnames (discordname) VALUES ('eleagle12#3628');
INSERT INTO public.discordnames (discordname) VALUES ('Soldierkatarn#2346');
INSERT INTO public.discordnames (discordname) VALUES ('🌕FadingMemories🐺#3850');
INSERT INTO public.discordnames (discordname) VALUES ('Spacestar#3807');
INSERT INTO public.discordnames (discordname) VALUES ('Mondochop#6916');
INSERT INTO public.discordnames (discordname) VALUES ('KarmiCo#0497');
INSERT INTO public.discordnames (discordname) VALUES ('PurpleWar-Stonebraker#8475');
INSERT INTO public.discordnames (discordname) VALUES ('Kalmar#2085');
INSERT INTO public.discordnames (discordname) VALUES ('Sumax#0721');
INSERT INTO public.discordnames (discordname) VALUES ('eopq423#4379');
INSERT INTO public.discordnames (discordname) VALUES ('Thrall#2987');
INSERT INTO public.discordnames (discordname) VALUES ('Ryuufire26#9260');
INSERT INTO public.discordnames (discordname) VALUES ('Jennburger#4878');
INSERT INTO public.discordnames (discordname) VALUES ('Soul#1947');
INSERT INTO public.discordnames (discordname) VALUES ('Haus#9655');
INSERT INTO public.discordnames (discordname) VALUES ('Haus#4704');
INSERT INTO public.discordnames (discordname) VALUES ('booty#0641');
INSERT INTO public.discordnames (discordname) VALUES ('maliblues#8209');
INSERT INTO public.discordnames (discordname) VALUES ('abysshunter25#2281');
INSERT INTO public.discordnames (discordname) VALUES ('abysshunter25#5783');
INSERT INTO public.discordnames (discordname) VALUES ('WitchyCat#6750');
INSERT INTO public.discordnames (discordname) VALUES ('i_has#0357');
INSERT INTO public.discordnames (discordname) VALUES ('Zinbar#7585');
INSERT INTO public.discordnames (discordname) VALUES ('ggina888#3780');
INSERT INTO public.discordnames (discordname) VALUES ('Radu#1749');
INSERT INTO public.discordnames (discordname) VALUES ('Shizuko#7498');
INSERT INTO public.discordnames (discordname) VALUES ('InTheory#5373');
INSERT INTO public.discordnames (discordname) VALUES ('docterapple#7421');
INSERT INTO public.discordnames (discordname) VALUES ('Jay#8133');
INSERT INTO public.discordnames (discordname) VALUES ('DinoDuke#6103');
INSERT INTO public.discordnames (discordname) VALUES ('DinoDuke#2515');
INSERT INTO public.discordnames (discordname) VALUES ('NokSueCow#0055');


--
-- Data for Name: events; Type: TABLE DATA; Schema: public; Owner: root
--

INSERT INTO public.events (id, completed, starttime, endtime, title, description, cfgfilesuffix) VALUES (1, 1, 1540551600.0, 1541030399.9999999999, 'Halloween Weekend', '2X Xp, 2X Reward Points, Transmitter Coords', 'halloween');
INSERT INTO public.events (id, completed, starttime, endtime, title, description, cfgfilesuffix) VALUES (2, 1, 1541030399.9999999999, 1541069999.9999999999, 'Hell On Ark', 'Dinos Have Risen From Hell. Permanent Night.', 'hellonark');


--
-- Data for Name: general; Type: TABLE DATA; Schema: public; Owner: root
--

INSERT INTO public.general (cfgver, announce) VALUES ('33', NULL);


--
-- Data for Name: globalbuffer; Type: TABLE DATA; Schema: public; Owner: root
--



--
-- Data for Name: instances; Type: TABLE DATA; Schema: public; Owner: root
--

INSERT INTO public.instances (name, lastrestart, lastdinowipe, needsrestart, lastvote, restartreason, cfgver, restartcountdown, arkserverkey, isup, islistening, isrunning, uptimestamp, actmem, totmem, steamlink, arkserverslink, battlemetricslink, arkversion, uptime, rank, score, votes, hostname, inevent) VALUES ('island', '2018-11-12 12:06:09', '1542005737', 'False', '1541832564', 'admin restart', 33, 30, 'xcmOgkKFziAjDNhSAdTIH0w6fBMjOo50dpk', true, 1, 1, '1542073894', 7.05999994, '10.59', 'steam://connect/173.15.226.42:47020', 'https://ark-servers.net/server/150746', 'https://www.battlemetrics.com/servers/ark/2637018', '286.104', 100, 1105, 2, 0, 'Galaxy Cluster Ultimate Extinction Core Island - (v286.104)', 0);
INSERT INTO public.instances (name, lastrestart, lastdinowipe, needsrestart, lastvote, restartreason, cfgver, restartcountdown, arkserverkey, isup, islistening, isrunning, uptimestamp, actmem, totmem, steamlink, arkserverslink, battlemetricslink, arkversion, uptime, rank, score, votes, hostname, inevent) VALUES ('ragnarok', '2018-11-10 22:25:54', '1542060116', 'False', '1542060116', 'ark game update', 33, 30, '6TO5zDDQk9uiywI9aJp9IYjmZmNHZn98DzE', true, 1, 1, '1542073935', 9.48999977, '11.3', 'steam://connect/173.15.226.42:47016', 'https://ark-servers.net/server/147631', 'https://www.battlemetrics.com/servers/ark/2526676', '286.104', 99, 1374, 2, 0, 'Galaxy Cluster Ultimate Extinction Core Ragnarok - (v286.104)', 0);
INSERT INTO public.instances (name, lastrestart, lastdinowipe, needsrestart, lastvote, restartreason, cfgver, restartcountdown, arkserverkey, isup, islistening, isrunning, uptimestamp, actmem, totmem, steamlink, arkserverslink, battlemetricslink, arkversion, uptime, rank, score, votes, hostname, inevent) VALUES ('volcano', '2018-11-12 00:05:06', '1542006395', 'False', '1541833210', 'admin restart', 33, 30, 'tcomXek4ZwOobPVsqaFKy2eeL4vS1xvUt', true, 1, 1, '1542073892', 8.32999992, '10.39', 'steam://connect/173.15.226.42:47018', 'https://ark-servers.net/server/150747', 'https://www.battlemetrics.com/servers/ark/2636402', '286.104', 99, 1393, 2, 0, 'Galaxy Cluster Ultimate Extinction Core Volcano - (v286.104)', 0);
INSERT INTO public.instances (name, lastrestart, lastdinowipe, needsrestart, lastvote, restartreason, cfgver, restartcountdown, arkserverkey, isup, islistening, isrunning, uptimestamp, actmem, totmem, steamlink, arkserverslink, battlemetricslink, arkversion, uptime, rank, score, votes, hostname, inevent) VALUES ('extinction', '2018-11-09 05:34:08', '1542046991', 'False', '1542046991', 'admin restart', 33, 30, 'e2Ze5N569OxBQ6ZGH56CItdMWXUHENVCMPp', true, 1, 1, '1542073937', 5.15999985, '8.41', 'steam://connect/173.15.226.42:47030', 'https://ark-servers.net/server/155834/', NULL, '286.104', 100, 1194, 2, 0, 'Galaxy Cluster Ultimate NEW Extinction - (v286.104)', 0);


--
-- Data for Name: kicklist; Type: TABLE DATA; Schema: public; Owner: root
--



--
-- Data for Name: linkrequests; Type: TABLE DATA; Schema: public; Owner: root
--



--
-- Data for Name: lotterydeposits; Type: TABLE DATA; Schema: public; Owner: root
--

INSERT INTO public.lotterydeposits (steamid, playername, "timestamp", points, givetake) VALUES ('76561197998650506', 'vangarrot', '1539038714.13603', 50, 0);
INSERT INTO public.lotterydeposits (steamid, playername, "timestamp", points, givetake) VALUES ('76561198122753389', 'bubba', '1539081630.84996', 20, 0);
INSERT INTO public.lotterydeposits (steamid, playername, "timestamp", points, givetake) VALUES ('76561198177173167', 'weiser', '1539390304.08286', 240, 1);
INSERT INTO public.lotterydeposits (steamid, playername, "timestamp", points, givetake) VALUES ('76561198038808754', 'thrall', '1540512117.38252', 50, 0);
INSERT INTO public.lotterydeposits (steamid, playername, "timestamp", points, givetake) VALUES ('76561198032068901', 'temp', '1540751905.47926', 50, 0);
INSERT INTO public.lotterydeposits (steamid, playername, "timestamp", points, givetake) VALUES ('76561198027678472', 'skeet', '1541308285', 40, 0);
INSERT INTO public.lotterydeposits (steamid, playername, "timestamp", points, givetake) VALUES ('76561198419158273', 'mondo', '1541982770', 40, 0);
INSERT INTO public.lotterydeposits (steamid, playername, "timestamp", points, givetake) VALUES ('76561198419158273', 'mondo', '1541982830', 40, 0);


--
-- Data for Name: lotteryinfo; Type: TABLE DATA; Schema: public; Owner: root
--

INSERT INTO public.lotteryinfo (id, type, payoutitem, "timestamp", buyinpoints, lengthdays, players, winner, announced) VALUES (10, 'points', '8', 1538280212, 1, 1, 6, 'doomfire103', true);
INSERT INTO public.lotteryinfo (id, type, payoutitem, "timestamp", buyinpoints, lengthdays, players, winner, announced) VALUES (11, 'points', '240', 1538285490, 20, 14, 10, 'skeet', true);
INSERT INTO public.lotteryinfo (id, type, payoutitem, "timestamp", buyinpoints, lengthdays, players, winner, announced) VALUES (15, 'points', '35', 1538786889, 5, 1, 5, 'markimus', true);
INSERT INTO public.lotteryinfo (id, type, payoutitem, "timestamp", buyinpoints, lengthdays, players, winner, announced) VALUES (17, 'points', '50', 1538847025, 10, 1, 3, 'zauron', true);
INSERT INTO public.lotteryinfo (id, type, payoutitem, "timestamp", buyinpoints, lengthdays, players, winner, announced) VALUES (18, 'points', '400', 1538860583, 50, 2, 6, 'markimus', true);
INSERT INTO public.lotteryinfo (id, type, payoutitem, "timestamp", buyinpoints, lengthdays, players, winner, announced) VALUES (19, 'points', '200', 1538962910, 50, 1, 2, 'None', true);
INSERT INTO public.lotteryinfo (id, type, payoutitem, "timestamp", buyinpoints, lengthdays, players, winner, announced) VALUES (20, 'points', '300', 1538973891, 50, 18, 4, 'zauron', true);
INSERT INTO public.lotteryinfo (id, type, payoutitem, "timestamp", buyinpoints, lengthdays, players, winner, announced) VALUES (21, 'points', '160', 1539045616, 20, 10, 6, 'kayla', true);
INSERT INTO public.lotteryinfo (id, type, payoutitem, "timestamp", buyinpoints, lengthdays, players, winner, announced) VALUES (22, 'points', '350', 1539094243, 50, 9, 5, 'haus', true);
INSERT INTO public.lotteryinfo (id, type, payoutitem, "timestamp", buyinpoints, lengthdays, players, winner, announced) VALUES (23, 'points', '200', 1539132481, 50, 9, 0, 'None', true);
INSERT INTO public.lotteryinfo (id, type, payoutitem, "timestamp", buyinpoints, lengthdays, players, winner, announced) VALUES (24, 'points', '250', 1539277851, 50, 8, 1, 'None', true);
INSERT INTO public.lotteryinfo (id, type, payoutitem, "timestamp", buyinpoints, lengthdays, players, winner, announced) VALUES (25, 'points', '240', 1539311086, 20, 22, 8, 'weiser', true);
INSERT INTO public.lotteryinfo (id, type, payoutitem, "timestamp", buyinpoints, lengthdays, players, winner, announced) VALUES (26, 'points', '250', 1539402108, 50, 13, 1, 'None', true);
INSERT INTO public.lotteryinfo (id, type, payoutitem, "timestamp", buyinpoints, lengthdays, players, winner, announced) VALUES (27, 'points', '400', 1539469009, 50, 24, 4, 'snuffy', true);
INSERT INTO public.lotteryinfo (id, type, payoutitem, "timestamp", buyinpoints, lengthdays, players, winner, announced) VALUES (28, 'points', '350', 1539891653, 50, 6, 3, 'sumax', true);
INSERT INTO public.lotteryinfo (id, type, payoutitem, "timestamp", buyinpoints, lengthdays, players, winner, announced) VALUES (29, 'points', '280', 1539914896, 20, 20, 4, 'haus', true);
INSERT INTO public.lotteryinfo (id, type, payoutitem, "timestamp", buyinpoints, lengthdays, players, winner, announced) VALUES (30, 'points', '480', 1539996911, 30, 14, 6, 'mondo', true);
INSERT INTO public.lotteryinfo (id, type, payoutitem, "timestamp", buyinpoints, lengthdays, players, winner, announced) VALUES (31, 'points', '240', 1540070425, 20, 6, 2, 'None', true);
INSERT INTO public.lotteryinfo (id, type, payoutitem, "timestamp", buyinpoints, lengthdays, players, winner, announced) VALUES (32, 'points', '390', 1540150371, 30, 7, 3, 'mondo', true);
INSERT INTO public.lotteryinfo (id, type, payoutitem, "timestamp", buyinpoints, lengthdays, players, winner, announced) VALUES (33, 'points', '750', 1540178540, 50, 21, 5, 'az', true);
INSERT INTO public.lotteryinfo (id, type, payoutitem, "timestamp", buyinpoints, lengthdays, players, winner, announced) VALUES (34, 'points', '390', 1540313774, 30, 8, 3, 'kyle katarn', true);
INSERT INTO public.lotteryinfo (id, type, payoutitem, "timestamp", buyinpoints, lengthdays, players, winner, announced) VALUES (35, 'points', '850', 1540357274, 50, 43, 7, 'sumax', true);
INSERT INTO public.lotteryinfo (id, type, payoutitem, "timestamp", buyinpoints, lengthdays, players, winner, announced) VALUES (36, 'points', '800', 1540564690, 50, 52, 6, 'sheriffen', true);
INSERT INTO public.lotteryinfo (id, type, payoutitem, "timestamp", buyinpoints, lengthdays, players, winner, announced) VALUES (38, 'points', '450', 1540785835, 30, 67, 5, 'mondo', true);
INSERT INTO public.lotteryinfo (id, type, payoutitem, "timestamp", buyinpoints, lengthdays, players, winner, announced) VALUES (39, 'points', '750', 1541036257, 50, 5, 5, 'sumax', true);
INSERT INTO public.lotteryinfo (id, type, payoutitem, "timestamp", buyinpoints, lengthdays, players, winner, announced) VALUES (40, 'points', '640', 1541135482, 40, 48, 6, 'thom fulari', true);
INSERT INTO public.lotteryinfo (id, type, payoutitem, "timestamp", buyinpoints, lengthdays, players, winner, announced) VALUES (1, 'points', '600', 1541388970, 40, 58, 5, 'kyle katarn', true);
INSERT INTO public.lotteryinfo (id, type, payoutitem, "timestamp", buyinpoints, lengthdays, players, winner, announced) VALUES (2, 'points', '520', 1541820712, 40, 45, 3, 'kyle katarn', true);
INSERT INTO public.lotteryinfo (id, type, payoutitem, "timestamp", buyinpoints, lengthdays, players, winner, announced) VALUES (3, 'points', '700', 1542022544, 50, 80, 4, 'Incomplete', true);


--
-- Data for Name: lotteryplayers; Type: TABLE DATA; Schema: public; Owner: root
--

INSERT INTO public.lotteryplayers (steamid, playername, "timestamp", paid) VALUES ('76561198070644692', 'markimus', '1542038225', 0);
INSERT INTO public.lotteryplayers (steamid, playername, "timestamp", paid) VALUES ('76561198056834745', 'wheats', '1542056250', 0);
INSERT INTO public.lotteryplayers (steamid, playername, "timestamp", paid) VALUES ('76561198319536877', 'thom fulari', '1542060010', 0);
INSERT INTO public.lotteryplayers (steamid, playername, "timestamp", paid) VALUES ('76561198138039059', 'kyle katarn', '1542060160', 0);


--
-- Data for Name: players; Type: TABLE DATA; Schema: public; Owner: root
--

INSERT INTO public.players (steamid, playername, lastseen, server, playedtime, rewardpoints, firstseen, connects, discordid, banned, totalauctions, itemauctions, dinoauctions, restartbit, primordialbit, homeserver, transferpoints, lastpointtimestamp, lottowins, lotterywinnings, email, password, apikey) VALUES ('76561198033437177', 'sheriffen', 1542065039, 'extinction', 1145078, 6559, '2018-09-17 17:38:40', 66, 'sheriffen#8983', true, 0, 0, 0, false, true, 'ragnarok', 0, '1538186193.20081', 1, 800, NULL, NULL, NULL);
INSERT INTO public.players (steamid, playername, lastseen, server, playedtime, rewardpoints, firstseen, connects, discordid, banned, totalauctions, itemauctions, dinoauctions, restartbit, primordialbit, homeserver, transferpoints, lastpointtimestamp, lottowins, lotterywinnings, email, password, apikey) VALUES ('76561198177173167', 'weiser', 1539370841, 'ragnarok', 747000, 3296, '2018-09-17 17:38:40', 45, 'weiser#3768', true, 0, 0, 0, true, false, 'ragnarok', 0, '1538317751.991779', 1, 240, NULL, NULL, NULL);
INSERT INTO public.players (steamid, playername, lastseen, server, playedtime, rewardpoints, firstseen, connects, discordid, banned, totalauctions, itemauctions, dinoauctions, restartbit, primordialbit, homeserver, transferpoints, lastpointtimestamp, lottowins, lotterywinnings, email, password, apikey) VALUES ('76561198097858297', 'the hound', 1537222830, 'ragnarok', 249042, 721, '2018-09-17 17:38:40', 2, '', true, NULL, NULL, NULL, true, false, 'ragnarok', 0, '1538186193.20081', 0, 0, NULL, NULL, NULL);
INSERT INTO public.players (steamid, playername, lastseen, server, playedtime, rewardpoints, firstseen, connects, discordid, banned, totalauctions, itemauctions, dinoauctions, restartbit, primordialbit, homeserver, transferpoints, lastpointtimestamp, lottowins, lotterywinnings, email, password, apikey) VALUES ('76561198056834745', 'wheats', 1542058479, 'extinction', 397156, 595, '2018-09-20 01:42:57', 29, 'wheats#8243', true, 0, 0, 0, true, false, 'ragnarok', 75, '1539528162.9265928', 0, 0, NULL, NULL, NULL);
INSERT INTO public.players (steamid, playername, lastseen, server, playedtime, rewardpoints, firstseen, connects, discordid, banned, totalauctions, itemauctions, dinoauctions, restartbit, primordialbit, homeserver, transferpoints, lastpointtimestamp, lottowins, lotterywinnings, email, password, apikey) VALUES ('76561198136444876', 'shepard', 1537316795, 'ragnarok', 14495, 307, '2018-09-17 17:38:40', 2, '', true, NULL, NULL, NULL, true, false, 'ragnarok', 0, '1538186193.20081', 0, 0, NULL, NULL, NULL);
INSERT INTO public.players (steamid, playername, lastseen, server, playedtime, rewardpoints, firstseen, connects, discordid, banned, totalauctions, itemauctions, dinoauctions, restartbit, primordialbit, homeserver, transferpoints, lastpointtimestamp, lottowins, lotterywinnings, email, password, apikey) VALUES ('76561198078911535', 'the chin', 1537222637, 'ragnarok', 316800, 4092, '2018-09-17 17:38:40', 2, '', true, NULL, NULL, NULL, true, false, 'ragnarok', 0, '1538186193.20081', 0, 0, NULL, NULL, NULL);
INSERT INTO public.players (steamid, playername, lastseen, server, playedtime, rewardpoints, firstseen, connects, discordid, banned, totalauctions, itemauctions, dinoauctions, restartbit, primordialbit, homeserver, transferpoints, lastpointtimestamp, lottowins, lotterywinnings, email, password, apikey) VALUES ('76561198315422761', 'dude', 1540665503, 'ragnarok', 241200, 852, '2018-09-17 17:38:40', 15, '', true, 0, 0, 0, true, false, 'ragnarok', 0, '1538186193.20081', 0, 0, NULL, NULL, NULL);
INSERT INTO public.players (steamid, playername, lastseen, server, playedtime, rewardpoints, firstseen, connects, discordid, banned, totalauctions, itemauctions, dinoauctions, restartbit, primordialbit, homeserver, transferpoints, lastpointtimestamp, lottowins, lotterywinnings, email, password, apikey) VALUES ('76561198305978693', 'shark', 1539470849, 'ragnarok', 73841, 875, '2018-09-17 17:38:40', 2, '', true, 0, 0, 0, true, false, 'ragnarok', 0, '1538186193.20081', 0, 0, NULL, NULL, NULL);
INSERT INTO public.players (steamid, playername, lastseen, server, playedtime, rewardpoints, firstseen, connects, discordid, banned, totalauctions, itemauctions, dinoauctions, restartbit, primordialbit, homeserver, transferpoints, lastpointtimestamp, lottowins, lotterywinnings, email, password, apikey) VALUES ('76561198169185429', 'anntez', 1538650080, 'ragnarok', 273, 50, '2018-10-04 10:32:17', 2, '', true, 0, 0, 0, false, false, 'ragnarok', 0, '1538649137.70489', 0, 0, NULL, NULL, NULL);
INSERT INTO public.players (steamid, playername, lastseen, server, playedtime, rewardpoints, firstseen, connects, discordid, banned, totalauctions, itemauctions, dinoauctions, restartbit, primordialbit, homeserver, transferpoints, lastpointtimestamp, lottowins, lotterywinnings, email, password, apikey) VALUES ('76561198027678472', 'skeet', 1541169587, 'ragnarok', 258948, 3286, '2018-09-17 17:38:40', 16, 'skeet#1292', true, 0, 0, 0, true, false, 'ragnarok', 0, '1538186193.20081', 1, 240, NULL, NULL, NULL);
INSERT INTO public.players (steamid, playername, lastseen, server, playedtime, rewardpoints, firstseen, connects, discordid, banned, totalauctions, itemauctions, dinoauctions, restartbit, primordialbit, homeserver, transferpoints, lastpointtimestamp, lottowins, lotterywinnings, email, password, apikey) VALUES ('76561198166052963', 'zauron', 1540414958, 'volcano', 638015, 7645, '2018-09-17 17:38:40', 80, 'zauron#4247', true, 0, 0, 0, true, false, 'volcano', 0, '1538977806.3590035', 2, 350, NULL, NULL, NULL);
INSERT INTO public.players (steamid, playername, lastseen, server, playedtime, rewardpoints, firstseen, connects, discordid, banned, totalauctions, itemauctions, dinoauctions, restartbit, primordialbit, homeserver, transferpoints, lastpointtimestamp, lottowins, lotterywinnings, email, password, apikey) VALUES ('76561198326525737', 'crazydogg', 1537197512, 'island', 28687, 499, '2018-09-17 17:38:40', 1, '', true, NULL, NULL, NULL, true, false, 'island', 0, '1538186193.20081', 0, 0, NULL, NULL, NULL);
INSERT INTO public.players (steamid, playername, lastseen, server, playedtime, rewardpoints, firstseen, connects, discordid, banned, totalauctions, itemauctions, dinoauctions, restartbit, primordialbit, homeserver, transferpoints, lastpointtimestamp, lottowins, lotterywinnings, email, password, apikey) VALUES ('76561198059198389', 'dazimek', 1537315447, 'ragnarok', 16586, 64, '2018-09-18 01:50:57', 3, '', true, NULL, NULL, NULL, true, false, 'ragnarok', 0, '1538186193.20081', 0, 0, NULL, NULL, NULL);
INSERT INTO public.players (steamid, playername, lastseen, server, playedtime, rewardpoints, firstseen, connects, discordid, banned, totalauctions, itemauctions, dinoauctions, restartbit, primordialbit, homeserver, transferpoints, lastpointtimestamp, lottowins, lotterywinnings, email, password, apikey) VALUES ('76561198028548947', 'karma', 1537731883, 'ragnarok', 144000, 471, '2018-09-18 05:46:00', 13, '', true, NULL, NULL, NULL, true, false, 'ragnarok', 0, '1538186193.20081', 0, 0, NULL, NULL, NULL);
INSERT INTO public.players (steamid, playername, lastseen, server, playedtime, rewardpoints, firstseen, connects, discordid, banned, totalauctions, itemauctions, dinoauctions, restartbit, primordialbit, homeserver, transferpoints, lastpointtimestamp, lottowins, lotterywinnings, email, password, apikey) VALUES ('76561198187923238', 'sushi', 1537731623, 'ragnarok', 144000, 421, '2018-09-18 05:40:37', 12, '', true, NULL, NULL, NULL, true, false, 'ragnarok', 0, '1538186193.20081', 0, 0, NULL, NULL, NULL);
INSERT INTO public.players (steamid, playername, lastseen, server, playedtime, rewardpoints, firstseen, connects, discordid, banned, totalauctions, itemauctions, dinoauctions, restartbit, primordialbit, homeserver, transferpoints, lastpointtimestamp, lottowins, lotterywinnings, email, password, apikey) VALUES ('76561198085599232', 'get trippy', 1537314544, 'ragnarok', 500, 50, '2018-09-18 23:31:57', 1, '', true, NULL, NULL, NULL, true, false, 'ragnarok', 0, '1538186193.20081', 0, 0, NULL, NULL, NULL);
INSERT INTO public.players (steamid, playername, lastseen, server, playedtime, rewardpoints, firstseen, connects, discordid, banned, totalauctions, itemauctions, dinoauctions, restartbit, primordialbit, homeserver, transferpoints, lastpointtimestamp, lottowins, lotterywinnings, email, password, apikey) VALUES ('76561198118212362', 'spiffy', 1539995218, 'island', 178457, 3038, '2018-09-19 06:05:07', 33, 'spiffiestbook07#0405', true, 0, 0, 0, true, false, 'island', 0, '1538269689.4150174', 0, 0, NULL, NULL, NULL);
INSERT INTO public.players (steamid, playername, lastseen, server, playedtime, rewardpoints, firstseen, connects, discordid, banned, totalauctions, itemauctions, dinoauctions, restartbit, primordialbit, homeserver, transferpoints, lastpointtimestamp, lottowins, lotterywinnings, email, password, apikey) VALUES ('76561198332748953', 'eclipse', 1537388607, 'island', 2947, 50, '2018-09-19 19:27:43', 1, '', true, NULL, NULL, NULL, true, false, 'island', 0, '1538186193.20081', 0, 0, NULL, NULL, NULL);
INSERT INTO public.players (steamid, playername, lastseen, server, playedtime, rewardpoints, firstseen, connects, discordid, banned, totalauctions, itemauctions, dinoauctions, restartbit, primordialbit, homeserver, transferpoints, lastpointtimestamp, lottowins, lotterywinnings, email, password, apikey) VALUES ('76561198009383034', 'bigb', 1542074003, 'ragnarok', 178200, 2525, '2018-10-02 19:17:18', 48, '', true, 0, 0, 0, false, false, 'ragnarok', 0, '1538507838.98064', 0, 0, NULL, NULL, NULL);
INSERT INTO public.players (steamid, playername, lastseen, server, playedtime, rewardpoints, firstseen, connects, discordid, banned, totalauctions, itemauctions, dinoauctions, restartbit, primordialbit, homeserver, transferpoints, lastpointtimestamp, lottowins, lotterywinnings, email, password, apikey) VALUES ('76561198061944366', 'elsynia', 1542056699, 'extinction', 509400, 830, '2018-09-21 16:19:14', 32, 'elsynia#7739', true, 0, 0, 0, true, false, 'ragnarok', 0, '1540349498.1075516', 0, 0, NULL, NULL, NULL);
INSERT INTO public.players (steamid, playername, lastseen, server, playedtime, rewardpoints, firstseen, connects, discordid, banned, totalauctions, itemauctions, dinoauctions, restartbit, primordialbit, homeserver, transferpoints, lastpointtimestamp, lottowins, lotterywinnings, email, password, apikey) VALUES ('76561198045395474', 'bartimusprime', 1538820416, 'ragnarok', 417600, 1358, '2018-09-22 00:21:53', 30, 'bartimusprime#1360', true, 1, 1, 0, true, false, 'ragnarok', 0, '1538808764.8748548', 1, 0, NULL, NULL, NULL);
INSERT INTO public.players (steamid, playername, lastseen, server, playedtime, rewardpoints, firstseen, connects, discordid, banned, totalauctions, itemauctions, dinoauctions, restartbit, primordialbit, homeserver, transferpoints, lastpointtimestamp, lottowins, lotterywinnings, email, password, apikey) VALUES ('76561198201993632', 'jjonnesyy', 1538283916, 'island', 210600, 54, '2018-09-22 04:23:51', 10, 'jjonesyy#3190', true, 0, 0, 0, true, false, 'island', 0, '1538190553.2909756', 0, 0, NULL, NULL, NULL);
INSERT INTO public.players (steamid, playername, lastseen, server, playedtime, rewardpoints, firstseen, connects, discordid, banned, totalauctions, itemauctions, dinoauctions, restartbit, primordialbit, homeserver, transferpoints, lastpointtimestamp, lottowins, lotterywinnings, email, password, apikey) VALUES ('76561198010354323', 'saber', 1538291023, 'ragnarok', 47267, 435, '2018-09-23 02:30:14', 12, 'extremesaber#4726', true, 0, 0, 0, true, false, 'island', 200, '1538290140.2610745', 0, 0, NULL, NULL, NULL);
INSERT INTO public.players (steamid, playername, lastseen, server, playedtime, rewardpoints, firstseen, connects, discordid, banned, totalauctions, itemauctions, dinoauctions, restartbit, primordialbit, homeserver, transferpoints, lastpointtimestamp, lottowins, lotterywinnings, email, password, apikey) VALUES ('76561198065314938', 'venka', 1538891478, 'ragnarok', 261000, 2510, '2018-09-23 02:48:11', 46, 'kibbles#3627', true, 0, 0, 0, true, false, 'ragnarok', 0, '1538455304.0036974', 1, 0, NULL, NULL, NULL);
INSERT INTO public.players (steamid, playername, lastseen, server, playedtime, rewardpoints, firstseen, connects, discordid, banned, totalauctions, itemauctions, dinoauctions, restartbit, primordialbit, homeserver, transferpoints, lastpointtimestamp, lottowins, lotterywinnings, email, password, apikey) VALUES ('76561198447510706', 'ion', 1537729069, 'ragnarok', 4025, 100, '2018-09-23 18:06:10', 1, '', true, NULL, NULL, NULL, true, false, 'ragnarok', 0, '1538186193.20081', 0, 0, NULL, NULL, NULL);
INSERT INTO public.players (steamid, playername, lastseen, server, playedtime, rewardpoints, firstseen, connects, discordid, banned, totalauctions, itemauctions, dinoauctions, restartbit, primordialbit, homeserver, transferpoints, lastpointtimestamp, lottowins, lotterywinnings, email, password, apikey) VALUES ('76561198174619015', 'buttercorn', 1538690047, 'ragnarok', 52200, 950, '2018-09-23 18:44:39', 11, '', true, 0, 0, 0, true, false, 'ragnarok', 0, '1538186193.20081', 0, 0, NULL, NULL, NULL);
INSERT INTO public.players (steamid, playername, lastseen, server, playedtime, rewardpoints, firstseen, connects, discordid, banned, totalauctions, itemauctions, dinoauctions, restartbit, primordialbit, homeserver, transferpoints, lastpointtimestamp, lottowins, lotterywinnings, email, password, apikey) VALUES ('76561198193093534', 'doomfire103', 1538866123, 'ragnarok', 10107, 85, '2018-09-23 22:28:19', 9, '♥⭕🏹oryx(づ^ö^)づ🏹⭕♥#2853', true, 0, 0, 0, true, false, 'island', 150, '1538866147.73465', 1, 8, NULL, NULL, NULL);
INSERT INTO public.players (steamid, playername, lastseen, server, playedtime, rewardpoints, firstseen, connects, discordid, banned, totalauctions, itemauctions, dinoauctions, restartbit, primordialbit, homeserver, transferpoints, lastpointtimestamp, lottowins, lotterywinnings, email, password, apikey) VALUES ('76561198096941282', 'syn', 1537755097, 'ragnarok', 554, 50, '2018-09-24 01:04:18', 1, '', true, NULL, NULL, NULL, true, false, 'ragnarok', 0, '1538186193.20081', 0, 0, NULL, NULL, NULL);
INSERT INTO public.players (steamid, playername, lastseen, server, playedtime, rewardpoints, firstseen, connects, discordid, banned, totalauctions, itemauctions, dinoauctions, restartbit, primordialbit, homeserver, transferpoints, lastpointtimestamp, lottowins, lotterywinnings, email, password, apikey) VALUES ('76561197970976201', 'snuffy', 1540286058, 'ragnarok', 43200, 721, '2018-09-24 11:21:54', 11, 'snuffy#8617', true, 0, 0, 0, true, false, 'ragnarok', 0, '1538186193.20081', 1, 400, NULL, NULL, NULL);
INSERT INTO public.players (steamid, playername, lastseen, server, playedtime, rewardpoints, firstseen, connects, discordid, banned, totalauctions, itemauctions, dinoauctions, restartbit, primordialbit, homeserver, transferpoints, lastpointtimestamp, lottowins, lotterywinnings, email, password, apikey) VALUES ('76561198103669462', 'asperum', 1540147869, 'ragnarok', 9163, 82, '2018-09-25 06:49:36', 2, '', true, 0, 0, 0, true, false, 'ragnarok', 0, '1538186193.20081', 0, 0, NULL, NULL, NULL);
INSERT INTO public.players (steamid, playername, lastseen, server, playedtime, rewardpoints, firstseen, connects, discordid, banned, totalauctions, itemauctions, dinoauctions, restartbit, primordialbit, homeserver, transferpoints, lastpointtimestamp, lottowins, lotterywinnings, email, password, apikey) VALUES ('76561198258322345', 'lycanml', 1538057245, 'island', 525, 50, '2018-09-27 13:52:51', 1, '', true, 0, 0, 0, false, false, 'island', 0, '1538186193.20081', 0, 0, NULL, NULL, NULL);
INSERT INTO public.players (steamid, playername, lastseen, server, playedtime, rewardpoints, firstseen, connects, discordid, banned, totalauctions, itemauctions, dinoauctions, restartbit, primordialbit, homeserver, transferpoints, lastpointtimestamp, lottowins, lotterywinnings, email, password, apikey) VALUES ('76561198114814563', 'nolun', 1538179019, 'volcano', 3600, 100, '2018-09-28 08:29:08', 2, '', true, 0, 0, 0, false, false, 'volcano', 0, '1538186193.20081', 0, 0, NULL, NULL, NULL);
INSERT INTO public.players (steamid, playername, lastseen, server, playedtime, rewardpoints, firstseen, connects, discordid, banned, totalauctions, itemauctions, dinoauctions, restartbit, primordialbit, homeserver, transferpoints, lastpointtimestamp, lottowins, lotterywinnings, email, password, apikey) VALUES ('76561198012621627', 'respawn', 1539206292, 'volcano', 289800, 1144, '2018-09-28 14:13:52', 22, 'destini#3410', true, 0, 0, 0, false, false, 'volcano', 0, '1538766888.7330956', 0, 0, NULL, NULL, NULL);
INSERT INTO public.players (steamid, playername, lastseen, server, playedtime, rewardpoints, firstseen, connects, discordid, banned, totalauctions, itemauctions, dinoauctions, restartbit, primordialbit, homeserver, transferpoints, lastpointtimestamp, lottowins, lotterywinnings, email, password, apikey) VALUES ('76561198349014755', 'tin', 1541788039, 'volcano', 311400, 4618, '2018-09-28 14:21:48', 22, 'tindin#6907', true, 0, 0, 0, false, false, 'volcano', 0, '1538583291.4554205', 0, 0, NULL, NULL, NULL);
INSERT INTO public.players (steamid, playername, lastseen, server, playedtime, rewardpoints, firstseen, connects, discordid, banned, totalauctions, itemauctions, dinoauctions, restartbit, primordialbit, homeserver, transferpoints, lastpointtimestamp, lottowins, lotterywinnings, email, password, apikey) VALUES ('76561198032063261', 'haus', 1540584460, 'ragnarok', 196200, 4550, '2018-09-29 02:29:10', 42, '', true, 0, 0, 0, false, false, 'ragnarok', 0, '1540399417.552215', 2, 630, NULL, NULL, NULL);
INSERT INTO public.players (steamid, playername, lastseen, server, playedtime, rewardpoints, firstseen, connects, discordid, banned, totalauctions, itemauctions, dinoauctions, restartbit, primordialbit, homeserver, transferpoints, lastpointtimestamp, lottowins, lotterywinnings, email, password, apikey) VALUES ('76561198032068901', 'temp', 1540619834, 'ragnarok', 777782, 6993, '2018-09-29 03:51:51', 73, 'zhayl#6647', true, 0, 0, 0, false, false, 'ragnarok', 0, '1540574841.9917514', 1, 0, NULL, NULL, NULL);
INSERT INTO public.players (steamid, playername, lastseen, server, playedtime, rewardpoints, firstseen, connects, discordid, banned, totalauctions, itemauctions, dinoauctions, restartbit, primordialbit, homeserver, transferpoints, lastpointtimestamp, lottowins, lotterywinnings, email, password, apikey) VALUES ('76561198191351331', 'damion', 1538209381, 'island', 2240, 50, '2018-09-29 07:38:27', 1, '', true, 0, 0, 0, false, false, 'island', 0, '1538206707.95545', 0, 0, NULL, NULL, NULL);
INSERT INTO public.players (steamid, playername, lastseen, server, playedtime, rewardpoints, firstseen, connects, discordid, banned, totalauctions, itemauctions, dinoauctions, restartbit, primordialbit, homeserver, transferpoints, lastpointtimestamp, lottowins, lotterywinnings, email, password, apikey) VALUES ('76561198096395894', 'jane', 1538521112, 'ragnarok', 14400, 250, '2018-09-29 09:00:10', 3, '', true, 0, 0, 0, false, false, 'ragnarok', 0, '1538211610.41349', 0, 0, NULL, NULL, NULL);
INSERT INTO public.players (steamid, playername, lastseen, server, playedtime, rewardpoints, firstseen, connects, discordid, banned, totalauctions, itemauctions, dinoauctions, restartbit, primordialbit, homeserver, transferpoints, lastpointtimestamp, lottowins, lotterywinnings, email, password, apikey) VALUES ('76561198011265490', 'nosferatu', 1538787153, 'volcano', 187403, 1254, '2018-09-29 23:51:00', 12, '', true, 0, 0, 0, false, false, 'ragnarok', 0, '1538722379.6009839', 0, 0, NULL, NULL, NULL);
INSERT INTO public.players (steamid, playername, lastseen, server, playedtime, rewardpoints, firstseen, connects, discordid, banned, totalauctions, itemauctions, dinoauctions, restartbit, primordialbit, homeserver, transferpoints, lastpointtimestamp, lottowins, lotterywinnings, email, password, apikey) VALUES ('76561198293381146', 'draxx', 1538338170, 'ragnarok', 157, 50, '2018-09-30 20:03:37', 1, '', true, 0, 0, 0, false, false, 'ragnarok', 0, '1538337817.17438', 0, 0, NULL, NULL, NULL);
INSERT INTO public.players (steamid, playername, lastseen, server, playedtime, rewardpoints, firstseen, connects, discordid, banned, totalauctions, itemauctions, dinoauctions, restartbit, primordialbit, homeserver, transferpoints, lastpointtimestamp, lottowins, lotterywinnings, email, password, apikey) VALUES ('76561198214279745', 'critkill', 1538358186, 'volcano', 1800, 75, '2018-10-01 01:02:13', 1, '', true, 0, 0, 0, false, false, 'volcano', 0, '1538355733.49838', 0, 0, NULL, NULL, NULL);
INSERT INTO public.players (steamid, playername, lastseen, server, playedtime, rewardpoints, firstseen, connects, discordid, banned, totalauctions, itemauctions, dinoauctions, restartbit, primordialbit, homeserver, transferpoints, lastpointtimestamp, lottowins, lotterywinnings, email, password, apikey) VALUES ('76561197998650506', 'vangarrot', 1539035669, 'ragnarok', 90000, 1300, '2018-10-04 02:55:07', 8, '', true, 0, 0, 0, false, false, 'ragnarok', 0, '1538621707.44502', 0, 0, NULL, NULL, NULL);
INSERT INTO public.players (steamid, playername, lastseen, server, playedtime, rewardpoints, firstseen, connects, discordid, banned, totalauctions, itemauctions, dinoauctions, restartbit, primordialbit, homeserver, transferpoints, lastpointtimestamp, lottowins, lotterywinnings, email, password, apikey) VALUES ('76561198070644692', 'markimus', 1542039453, 'volcano', 113400, 18006, '2018-09-19 02:09:29', 87, 'markimus#7102', true, 0, 0, 0, false, true, 'volcano', 0, '1541696111', 2, 435, NULL, NULL, NULL);
INSERT INTO public.players (steamid, playername, lastseen, server, playedtime, rewardpoints, firstseen, connects, discordid, banned, totalauctions, itemauctions, dinoauctions, restartbit, primordialbit, homeserver, transferpoints, lastpointtimestamp, lottowins, lotterywinnings, email, password, apikey) VALUES ('76561198038721303', 'xeno', 1539142841, 'volcano', 102600, 465, '2018-10-04 22:05:03', 10, 'trippy993#9936', true, 0, 0, 0, false, false, 'volcano', 0, '1538690703.07471', 0, 0, NULL, NULL, NULL);
INSERT INTO public.players (steamid, playername, lastseen, server, playedtime, rewardpoints, firstseen, connects, discordid, banned, totalauctions, itemauctions, dinoauctions, restartbit, primordialbit, homeserver, transferpoints, lastpointtimestamp, lottowins, lotterywinnings, email, password, apikey) VALUES ('76561198374860090', 'kayla', 1539142549, 'volcano', 83476, 830, '2018-10-04 22:42:27', 7, 'kaylamari#4410', true, 0, 0, 0, false, false, 'volcano', 0, '1538692947.33411', 1, 160, NULL, NULL, NULL);
INSERT INTO public.players (steamid, playername, lastseen, server, playedtime, rewardpoints, firstseen, connects, discordid, banned, totalauctions, itemauctions, dinoauctions, restartbit, primordialbit, homeserver, transferpoints, lastpointtimestamp, lottowins, lotterywinnings, email, password, apikey) VALUES ('76561197973691379', 'addrianna', 1542074007, 'extinction', 560825, 3679, '2018-09-17 17:38:40', 53, 'addrianna#4562', true, 0, 0, 0, true, false, 'island', 0, '1541471783', 0, 0, NULL, NULL, NULL);
INSERT INTO public.players (steamid, playername, lastseen, server, playedtime, rewardpoints, firstseen, connects, discordid, banned, totalauctions, itemauctions, dinoauctions, restartbit, primordialbit, homeserver, transferpoints, lastpointtimestamp, lottowins, lotterywinnings, email, password, apikey) VALUES ('76561198388849736', 'rykker', 1542014927, 'ragnarok', 454573, 5407, '2018-09-17 17:38:40', 60, 'rykker#7393', true, 0, 0, 0, false, false, 'ragnarok', 0, '1539654224.3787873', 0, 0, NULL, NULL, 'uKG1Wy9ipm0eZI4f7SdhBIScJ1OaWdJ4');
INSERT INTO public.players (steamid, playername, lastseen, server, playedtime, rewardpoints, firstseen, connects, discordid, banned, totalauctions, itemauctions, dinoauctions, restartbit, primordialbit, homeserver, transferpoints, lastpointtimestamp, lottowins, lotterywinnings, email, password, apikey) VALUES ('76561197969170395', 'disturbed', 1538926541, 'ragnarok', 344, 50, '2018-10-07 15:07:07', 1, '', true, 0, 0, 0, false, false, 'ragnarok', 0, '1538924827.53978', 0, 0, NULL, NULL, NULL);
INSERT INTO public.players (steamid, playername, lastseen, server, playedtime, rewardpoints, firstseen, connects, discordid, banned, totalauctions, itemauctions, dinoauctions, restartbit, primordialbit, homeserver, transferpoints, lastpointtimestamp, lottowins, lotterywinnings, email, password, apikey) VALUES ('76561198072184298', 'jennburger', 1541809345, 'ragnarok', 82800, 1444, '2018-10-30 01:11:12', 12, 'jennburger#4878', true, 0, 0, 0, false, false, 'ragnarok', 0, '1540861872.66873', 0, NULL, NULL, NULL, NULL);
INSERT INTO public.players (steamid, playername, lastseen, server, playedtime, rewardpoints, firstseen, connects, discordid, banned, totalauctions, itemauctions, dinoauctions, restartbit, primordialbit, homeserver, transferpoints, lastpointtimestamp, lottowins, lotterywinnings, email, password, apikey) VALUES ('76561198207611892', 'trav the mighty', 1541467608, 'ragnarok', 91800, 1175, '2018-11-02 19:48:18', 8, '', true, 0, 0, 0, false, false, 'ragnarok', 0, '1541188098', 0, NULL, NULL, NULL, NULL);
INSERT INTO public.players (steamid, playername, lastseen, server, playedtime, rewardpoints, firstseen, connects, discordid, banned, totalauctions, itemauctions, dinoauctions, restartbit, primordialbit, homeserver, transferpoints, lastpointtimestamp, lottowins, lotterywinnings, email, password, apikey) VALUES ('76561198022368672', 'roman', 1541321469, 'ragnarok', 371, 149, '2018-10-14 06:44:59', 2, '', true, 0, 0, 0, false, false, 'ragnarok', 0, '1539499499.18482', 0, 0, NULL, NULL, NULL);
INSERT INTO public.players (steamid, playername, lastseen, server, playedtime, rewardpoints, firstseen, connects, discordid, banned, totalauctions, itemauctions, dinoauctions, restartbit, primordialbit, homeserver, transferpoints, lastpointtimestamp, lottowins, lotterywinnings, email, password, apikey) VALUES ('76561198130061722', 'r35pect', 1541545506, 'ragnarok', 113400, 1690, '2018-10-22 19:50:15', 19, '', true, 0, 0, 0, false, false, 'ragnarok', 0, '1540237815.61018', 0, 0, NULL, NULL, NULL);
INSERT INTO public.players (steamid, playername, lastseen, server, playedtime, rewardpoints, firstseen, connects, discordid, banned, totalauctions, itemauctions, dinoauctions, restartbit, primordialbit, homeserver, transferpoints, lastpointtimestamp, lottowins, lotterywinnings, email, password, apikey) VALUES ('76561198087385691', 'humano', 1538980024, 'ragnarok', 3600, 55, '2018-10-08 05:15:20', 1, '', true, 0, 0, 0, false, false, 'ragnarok', 0, '1538975720.50551', 0, 0, NULL, NULL, NULL);
INSERT INTO public.players (steamid, playername, lastseen, server, playedtime, rewardpoints, firstseen, connects, discordid, banned, totalauctions, itemauctions, dinoauctions, restartbit, primordialbit, homeserver, transferpoints, lastpointtimestamp, lottowins, lotterywinnings, email, password, apikey) VALUES ('76561198000597345', 'iparadox', 1539033962, 'volcano', 356, 50, '2018-10-08 20:05:23', 2, '', true, 0, 0, 0, false, false, 'volcano', 0, '1539029123.79628', 0, 0, NULL, NULL, NULL);
INSERT INTO public.players (steamid, playername, lastseen, server, playedtime, rewardpoints, firstseen, connects, discordid, banned, totalauctions, itemauctions, dinoauctions, restartbit, primordialbit, homeserver, transferpoints, lastpointtimestamp, lottowins, lotterywinnings, email, password, apikey) VALUES ('76561198799305966', 'wolf', 1539044530, 'ragnarok', 373, 50, '2018-10-08 22:29:58', 2, '', true, 0, 0, 0, false, false, 'ragnarok', 0, '1539037798.50209', 0, 0, NULL, NULL, NULL);
INSERT INTO public.players (steamid, playername, lastseen, server, playedtime, rewardpoints, firstseen, connects, discordid, banned, totalauctions, itemauctions, dinoauctions, restartbit, primordialbit, homeserver, transferpoints, lastpointtimestamp, lottowins, lotterywinnings, email, password, apikey) VALUES ('76561198089548860', 'eleagle12', 1540248655, 'ragnarok', 212856, 355, '2018-10-08 23:07:02', 31, 'eleagle12#3628', true, 0, 0, 0, false, false, 'ragnarok', 0, '1540247667.7562351', 0, 0, NULL, NULL, NULL);
INSERT INTO public.players (steamid, playername, lastseen, server, playedtime, rewardpoints, firstseen, connects, discordid, banned, totalauctions, itemauctions, dinoauctions, restartbit, primordialbit, homeserver, transferpoints, lastpointtimestamp, lottowins, lotterywinnings, email, password, apikey) VALUES ('76561198122753389', 'bubba', 1539047244, 'ragnarok', 2814, 75, '2018-10-09 00:16:14', 1, '', true, 0, 0, 0, false, false, 'ragnarok', 0, '1539044174.16733', 0, 0, NULL, NULL, NULL);
INSERT INTO public.players (steamid, playername, lastseen, server, playedtime, rewardpoints, firstseen, connects, discordid, banned, totalauctions, itemauctions, dinoauctions, restartbit, primordialbit, homeserver, transferpoints, lastpointtimestamp, lottowins, lotterywinnings, email, password, apikey) VALUES ('76561198007739284', 'smegma', 1539869552, 'volcano', 4007, 65, '2018-10-09 01:44:09', 3, '', true, 0, 0, 0, false, false, 'volcano', 0, '1539049449.57609', 0, 0, NULL, NULL, NULL);
INSERT INTO public.players (steamid, playername, lastseen, server, playedtime, rewardpoints, firstseen, connects, discordid, banned, totalauctions, itemauctions, dinoauctions, restartbit, primordialbit, homeserver, transferpoints, lastpointtimestamp, lottowins, lotterywinnings, email, password, apikey) VALUES ('76561198087757895', 'fieryx', 1541545481, 'ragnarok', 82799, 1442, '2018-10-22 20:13:28', 21, '', true, 0, 0, 0, false, false, 'ragnarok', 0, '1540239208.75792', 0, 0, NULL, NULL, NULL);
INSERT INTO public.players (steamid, playername, lastseen, server, playedtime, rewardpoints, firstseen, connects, discordid, banned, totalauctions, itemauctions, dinoauctions, restartbit, primordialbit, homeserver, transferpoints, lastpointtimestamp, lottowins, lotterywinnings, email, password, apikey) VALUES ('76561198176898177', 'fadingmemories', 1539908583, 'ragnarok', 14400, 250, '2018-10-11 21:12:30', 3, '', true, 0, 0, 0, false, false, 'ragnarok', 0, '1539292350.13671', 0, 0, NULL, NULL, NULL);
INSERT INTO public.players (steamid, playername, lastseen, server, playedtime, rewardpoints, firstseen, connects, discordid, banned, totalauctions, itemauctions, dinoauctions, restartbit, primordialbit, homeserver, transferpoints, lastpointtimestamp, lottowins, lotterywinnings, email, password, apikey) VALUES ('76561198117041339', 'karmic', 1539357631, 'island', 7200, 150, '2018-10-12 05:16:57', 3, 'karmico#0497', true, 0, 0, 0, false, false, 'island', 0, '1539321417.88471', 0, 0, NULL, NULL, NULL);
INSERT INTO public.players (steamid, playername, lastseen, server, playedtime, rewardpoints, firstseen, connects, discordid, banned, totalauctions, itemauctions, dinoauctions, restartbit, primordialbit, homeserver, transferpoints, lastpointtimestamp, lottowins, lotterywinnings, email, password, apikey) VALUES ('76561198072981496', 'sans the skeleton.', 1539329710, 'ragnarok', 1800, 75, '2018-10-12 06:48:41', 1, '', true, 0, 0, 0, false, false, 'ragnarok', 0, '1539326921.45573', 0, 0, NULL, NULL, NULL);
INSERT INTO public.players (steamid, playername, lastseen, server, playedtime, rewardpoints, firstseen, connects, discordid, banned, totalauctions, itemauctions, dinoauctions, restartbit, primordialbit, homeserver, transferpoints, lastpointtimestamp, lottowins, lotterywinnings, email, password, apikey) VALUES ('76561198423807679', 'killing', 1539381725, 'island', 5400, 25, '2018-10-12 20:31:15', 1, '', true, 0, 0, 0, false, false, 'island', 0, '1539376275.93419', 0, 0, NULL, NULL, NULL);
INSERT INTO public.players (steamid, playername, lastseen, server, playedtime, rewardpoints, firstseen, connects, discordid, banned, totalauctions, itemauctions, dinoauctions, restartbit, primordialbit, homeserver, transferpoints, lastpointtimestamp, lottowins, lotterywinnings, email, password, apikey) VALUES ('76561198012710782', 'sumax', 1541834674, 'ragnarok', 811861, 6445, '2018-10-15 03:24:26', 70, 'sumax#0721', true, 0, 0, 0, false, true, 'ragnarok', 0, '1540995071.8415854', 3, 1950, NULL, NULL, NULL);
INSERT INTO public.players (steamid, playername, lastseen, server, playedtime, rewardpoints, firstseen, connects, discordid, banned, totalauctions, itemauctions, dinoauctions, restartbit, primordialbit, homeserver, transferpoints, lastpointtimestamp, lottowins, lotterywinnings, email, password, apikey) VALUES ('76561198050723205', 'rakkash', 1539634528, 'ragnarok', 14400, 250, '2018-10-15 02:37:29', 3, '', true, 0, 0, 0, false, false, 'ragnarok', 0, '1539571049.09348', 0, 0, NULL, NULL, NULL);
INSERT INTO public.players (steamid, playername, lastseen, server, playedtime, rewardpoints, firstseen, connects, discordid, banned, totalauctions, itemauctions, dinoauctions, restartbit, primordialbit, homeserver, transferpoints, lastpointtimestamp, lottowins, lotterywinnings, email, password, apikey) VALUES ('76561198340898509', 'failkor', 1540091424, 'volcano', 716, 50, '2018-10-16 00:02:14', 2, '', true, 0, 0, 0, false, false, 'ragnarok', 50, '1540090298.5129411', 0, 0, NULL, NULL, NULL);
INSERT INTO public.players (steamid, playername, lastseen, server, playedtime, rewardpoints, firstseen, connects, discordid, banned, totalauctions, itemauctions, dinoauctions, restartbit, primordialbit, homeserver, transferpoints, lastpointtimestamp, lottowins, lotterywinnings, email, password, apikey) VALUES ('76561198318111699', 'theresa', 1539726972, 'volcano', 871, 50, '2018-10-16 21:54:51', 1, '', true, 0, 0, 0, false, false, 'volcano', 0, '1539726891.32246', 0, 0, NULL, NULL, NULL);
INSERT INTO public.players (steamid, playername, lastseen, server, playedtime, rewardpoints, firstseen, connects, discordid, banned, totalauctions, itemauctions, dinoauctions, restartbit, primordialbit, homeserver, transferpoints, lastpointtimestamp, lottowins, lotterywinnings, email, password, apikey) VALUES ('76561198038808754', 'thrall', 1540419259, 'volcano', 181649, 1340, '2018-10-16 22:16:05', 28, 'thrall#2987', true, 0, 0, 0, false, false, 'ragnarok', 100, '1540419055.22697', 0, 0, NULL, NULL, NULL);
INSERT INTO public.players (steamid, playername, lastseen, server, playedtime, rewardpoints, firstseen, connects, discordid, banned, totalauctions, itemauctions, dinoauctions, restartbit, primordialbit, homeserver, transferpoints, lastpointtimestamp, lottowins, lotterywinnings, email, password, apikey) VALUES ('76561198079263495', 'maniac', 1540139391, 'volcano', 55800, 790, '2018-10-17 00:13:49', 14, '', true, 0, 0, 0, false, false, 'ragnarok', 50, '1540138470.4172337', 0, 0, NULL, NULL, NULL);
INSERT INTO public.players (steamid, playername, lastseen, server, playedtime, rewardpoints, firstseen, connects, discordid, banned, totalauctions, itemauctions, dinoauctions, restartbit, primordialbit, homeserver, transferpoints, lastpointtimestamp, lottowins, lotterywinnings, email, password, apikey) VALUES ('76561198105867840', 'inale', 1539805978, 'island', 745, 50, '2018-10-17 19:47:06', 1, '', true, 0, 0, 0, false, false, 'island', 0, '1539805626.45439', 0, 0, NULL, NULL, NULL);
INSERT INTO public.players (steamid, playername, lastseen, server, playedtime, rewardpoints, firstseen, connects, discordid, banned, totalauctions, itemauctions, dinoauctions, restartbit, primordialbit, homeserver, transferpoints, lastpointtimestamp, lottowins, lotterywinnings, email, password, apikey) VALUES ('76561198100187730', 'maliblues', 1539982587, 'island', 608, 50, '2018-10-19 19:59:42', 1, '', true, 0, 0, 0, false, false, 'island', 0, '1539979182.20474', 0, 0, NULL, NULL, NULL);
INSERT INTO public.players (steamid, playername, lastseen, server, playedtime, rewardpoints, firstseen, connects, discordid, banned, totalauctions, itemauctions, dinoauctions, restartbit, primordialbit, homeserver, transferpoints, lastpointtimestamp, lottowins, lotterywinnings, email, password, apikey) VALUES ('76561198073613364', 'peytowhin', 1540136945, 'ragnarok', 52200, 775, '2018-10-20 18:19:29', 3, '', true, 0, 0, 0, false, false, 'ragnarok', 0, '1540059569.28578', 0, 0, NULL, NULL, NULL);
INSERT INTO public.players (steamid, playername, lastseen, server, playedtime, rewardpoints, firstseen, connects, discordid, banned, totalauctions, itemauctions, dinoauctions, restartbit, primordialbit, homeserver, transferpoints, lastpointtimestamp, lottowins, lotterywinnings, email, password, apikey) VALUES ('76561198048649293', 'starfort', 1540594466, 'island', 23400, 225, '2018-10-20 20:20:50', 7, '', true, 0, 0, 0, false, false, 'island', 0, '1540066850.92833', 0, 0, NULL, NULL, NULL);
INSERT INTO public.players (steamid, playername, lastseen, server, playedtime, rewardpoints, firstseen, connects, discordid, banned, totalauctions, itemauctions, dinoauctions, restartbit, primordialbit, homeserver, transferpoints, lastpointtimestamp, lottowins, lotterywinnings, email, password, apikey) VALUES ('76561198129131705', 'scarlet', 1540501799, 'island', 16200, 125, '2018-10-20 22:12:42', 4, '', true, 0, 0, 0, false, false, 'island', 0, '1540073562.76364', 0, 0, NULL, NULL, NULL);
INSERT INTO public.players (steamid, playername, lastseen, server, playedtime, rewardpoints, firstseen, connects, discordid, banned, totalauctions, itemauctions, dinoauctions, restartbit, primordialbit, homeserver, transferpoints, lastpointtimestamp, lottowins, lotterywinnings, email, password, apikey) VALUES ('76561198032302602', 'osbourne', 1540085158, 'ragnarok', 7645, 150, '2018-10-20 22:55:33', 1, '', true, 0, 0, 0, false, false, 'ragnarok', 0, '1540076133.35016', 0, 0, NULL, NULL, NULL);
INSERT INTO public.players (steamid, playername, lastseen, server, playedtime, rewardpoints, firstseen, connects, discordid, banned, totalauctions, itemauctions, dinoauctions, restartbit, primordialbit, homeserver, transferpoints, lastpointtimestamp, lottowins, lotterywinnings, email, password, apikey) VALUES ('76561198037030122', 'docterapple', 1542074003, 'ragnarok', 439199, 6611, '2018-10-25 08:23:30', 57, 'docterapple#7421', true, 0, 0, 0, false, false, 'ragnarok', 0, '1542005196', 0, NULL, NULL, NULL, NULL);
INSERT INTO public.players (steamid, playername, lastseen, server, playedtime, rewardpoints, firstseen, connects, discordid, banned, totalauctions, itemauctions, dinoauctions, restartbit, primordialbit, homeserver, transferpoints, lastpointtimestamp, lottowins, lotterywinnings, email, password, apikey) VALUES ('76561198043565764', 'sam', 1541862651, 'ragnarok', 21600, 200, '2018-10-11 19:48:38', 8, 'spacestar#3807', true, 0, 0, 0, false, false, 'ragnarok', 0, '1539287318.73795', 0, 0, NULL, NULL, NULL);
INSERT INTO public.players (steamid, playername, lastseen, server, playedtime, rewardpoints, firstseen, connects, discordid, banned, totalauctions, itemauctions, dinoauctions, restartbit, primordialbit, homeserver, transferpoints, lastpointtimestamp, lottowins, lotterywinnings, email, password, apikey) VALUES ('76561198138039059', 'kyle katarn', 1542074003, 'ragnarok', 589310, 820, '2018-10-11 00:58:06', 78, 'soldierkatarn#2346', true, 0, 0, 0, false, true, 'ragnarok', 0, '1541824448', 3, 1510, NULL, NULL, NULL);
INSERT INTO public.players (steamid, playername, lastseen, server, playedtime, rewardpoints, firstseen, connects, discordid, banned, totalauctions, itemauctions, dinoauctions, restartbit, primordialbit, homeserver, transferpoints, lastpointtimestamp, lottowins, lotterywinnings, email, password, apikey) VALUES ('76561198014729954', 'keblin', 1540399924, 'ragnarok', 1800, 75, '2018-10-24 16:21:19', 1, '', true, 0, 0, 0, false, false, 'ragnarok', 0, '1540398079.38794', 0, NULL, NULL, NULL, NULL);
INSERT INTO public.players (steamid, playername, lastseen, server, playedtime, rewardpoints, firstseen, connects, discordid, banned, totalauctions, itemauctions, dinoauctions, restartbit, primordialbit, homeserver, transferpoints, lastpointtimestamp, lottowins, lotterywinnings, email, password, apikey) VALUES ('76561198037509568', 'kryptiqghost', 1540541029, 'ragnarok', 1800, 75, '2018-10-26 07:27:51', 1, '', true, 0, 0, 0, false, false, 'ragnarok', 0, '1540538871.11452', 0, NULL, NULL, NULL, NULL);
INSERT INTO public.players (steamid, playername, lastseen, server, playedtime, rewardpoints, firstseen, connects, discordid, banned, totalauctions, itemauctions, dinoauctions, restartbit, primordialbit, homeserver, transferpoints, lastpointtimestamp, lottowins, lotterywinnings, email, password, apikey) VALUES ('76561198220618449', 'nick', 1540688513, 'ragnarok', 3202, 335, '2018-10-27 02:52:17', 3, '', true, 0, 0, 0, false, false, 'island', 1157, '1540666007.707414', 0, NULL, NULL, NULL, NULL);
INSERT INTO public.players (steamid, playername, lastseen, server, playedtime, rewardpoints, firstseen, connects, discordid, banned, totalauctions, itemauctions, dinoauctions, restartbit, primordialbit, homeserver, transferpoints, lastpointtimestamp, lottowins, lotterywinnings, email, password, apikey) VALUES ('76561198184903759', 'has', 1540689366, 'ragnarok', 4111, 150, '2018-10-27 17:56:26', 2, '', true, 0, 0, 0, false, false, 'ragnarok', 0, '1540662986.72289', 0, NULL, NULL, NULL, NULL);
INSERT INTO public.players (steamid, playername, lastseen, server, playedtime, rewardpoints, firstseen, connects, discordid, banned, totalauctions, itemauctions, dinoauctions, restartbit, primordialbit, homeserver, transferpoints, lastpointtimestamp, lottowins, lotterywinnings, email, password, apikey) VALUES ('76561197970406025', 'gorechild', 1540754355, 'island', 3652, 150, '2018-10-28 11:01:03', 2, '', true, 0, 0, 0, false, false, 'island', 0, '1540724463.02212', 0, NULL, NULL, NULL, NULL);
INSERT INTO public.players (steamid, playername, lastseen, server, playedtime, rewardpoints, firstseen, connects, discordid, banned, totalauctions, itemauctions, dinoauctions, restartbit, primordialbit, homeserver, transferpoints, lastpointtimestamp, lottowins, lotterywinnings, email, password, apikey) VALUES ('76561198016874433', 'tr0jan', 1540754376, 'island', 305, 50, '2018-10-28 19:12:25', 1, '', true, 0, 0, 0, false, false, 'island', 0, '1540753945.69745', 0, NULL, NULL, NULL, NULL);
INSERT INTO public.players (steamid, playername, lastseen, server, playedtime, rewardpoints, firstseen, connects, discordid, banned, totalauctions, itemauctions, dinoauctions, restartbit, primordialbit, homeserver, transferpoints, lastpointtimestamp, lottowins, lotterywinnings, email, password, apikey) VALUES ('76561197973494656', 'vultrax', 1540810238, 'ragnarok', 5400, 180, '2018-10-29 09:12:34', 1, '', true, 0, 0, 0, false, false, 'ragnarok', 0, '1540804354.85177', 0, NULL, NULL, NULL, NULL);
INSERT INTO public.players (steamid, playername, lastseen, server, playedtime, rewardpoints, firstseen, connects, discordid, banned, totalauctions, itemauctions, dinoauctions, restartbit, primordialbit, homeserver, transferpoints, lastpointtimestamp, lottowins, lotterywinnings, email, password, apikey) VALUES ('76561198048673212', 'aj', 1541053432, 'ragnarok', 4201, 200, '2018-10-31 14:42:32', 4, '', true, 0, 0, 0, false, false, 'ragnarok', 0, '1541004042.4988296', 0, NULL, NULL, NULL, NULL);
INSERT INTO public.players (steamid, playername, lastseen, server, playedtime, rewardpoints, firstseen, connects, discordid, banned, totalauctions, itemauctions, dinoauctions, restartbit, primordialbit, homeserver, transferpoints, lastpointtimestamp, lottowins, lotterywinnings, email, password, apikey) VALUES ('76561198042200259', 'syndrome', 1541092241, 'ragnarok', 2355, 100, '2018-10-31 21:09:56', 2, '', true, 0, 0, 0, false, false, 'ragnarok', 0, '1541020196.9465551', 0, NULL, NULL, NULL, NULL);
INSERT INTO public.players (steamid, playername, lastseen, server, playedtime, rewardpoints, firstseen, connects, discordid, banned, totalauctions, itemauctions, dinoauctions, restartbit, primordialbit, homeserver, transferpoints, lastpointtimestamp, lottowins, lotterywinnings, email, password, apikey) VALUES ('76561198053758403', 'nobo', 1541047371, 'ragnarok', 14400, 500, '2018-10-31 21:12:01', 3, '', true, 0, 0, 0, false, false, 'ragnarok', 0, '1541020321.3740425', 0, NULL, NULL, NULL, NULL);
INSERT INTO public.players (steamid, playername, lastseen, server, playedtime, rewardpoints, firstseen, connects, discordid, banned, totalauctions, itemauctions, dinoauctions, restartbit, primordialbit, homeserver, transferpoints, lastpointtimestamp, lottowins, lotterywinnings, email, password, apikey) VALUES ('76561198408657294', 'admin', 1541547757, 'ragnarok', 3925, 93665, '2018-09-18 19:53:43', 106, 'galaxy cluster#2744', true, 0, 0, 0, true, false, 'ragnarok', 0, '1541227030', 1, 0, NULL, NULL, NULL);
INSERT INTO public.players (steamid, playername, lastseen, server, playedtime, rewardpoints, firstseen, connects, discordid, banned, totalauctions, itemauctions, dinoauctions, restartbit, primordialbit, homeserver, transferpoints, lastpointtimestamp, lottowins, lotterywinnings, email, password, apikey) VALUES ('76561198068871201', 'az', 1542014345, 'ragnarok', 262507, 459, '2018-10-21 10:01:57', 24, '', true, 0, 0, 0, false, false, 'ragnarok', 0, '1541499149', 1, 750, NULL, NULL, NULL);
INSERT INTO public.players (steamid, playername, lastseen, server, playedtime, rewardpoints, firstseen, connects, discordid, banned, totalauctions, itemauctions, dinoauctions, restartbit, primordialbit, homeserver, transferpoints, lastpointtimestamp, lottowins, lotterywinnings, email, password, apikey) VALUES ('76561198371096932', 'zombie', 1538698074, 'island', 94, 50, '2018-10-04 23:44:21', 1, '', true, 0, 0, 0, false, false, 'island', 0, '1538696661.87211', 0, 0, NULL, NULL, NULL);
INSERT INTO public.players (steamid, playername, lastseen, server, playedtime, rewardpoints, firstseen, connects, discordid, banned, totalauctions, itemauctions, dinoauctions, restartbit, primordialbit, homeserver, transferpoints, lastpointtimestamp, lottowins, lotterywinnings, email, password, apikey) VALUES ('76561198126963396', 'munchie', 1539446869, 'island', 1800, 75, '2018-10-13 15:19:47', 1, '', true, 0, 0, 0, false, false, 'island', 0, '1539443987.80958', 0, 0, NULL, NULL, NULL);
INSERT INTO public.players (steamid, playername, lastseen, server, playedtime, rewardpoints, firstseen, connects, discordid, banned, totalauctions, itemauctions, dinoauctions, restartbit, primordialbit, homeserver, transferpoints, lastpointtimestamp, lottowins, lotterywinnings, email, password, apikey) VALUES ('76561198097270746', 'canadian', 1541875423, 'volcano', 3600, 100, '2018-11-10 17:16:54', 1, '', true, 0, 0, 0, false, false, 'volcano', 0, '1541870214', 0, NULL, NULL, NULL, NULL);
INSERT INTO public.players (steamid, playername, lastseen, server, playedtime, rewardpoints, firstseen, connects, discordid, banned, totalauctions, itemauctions, dinoauctions, restartbit, primordialbit, homeserver, transferpoints, lastpointtimestamp, lottowins, lotterywinnings, email, password, apikey) VALUES ('76561198213579228', 'milu', 1541554087, 'ragnarok', 23400, 375, '2018-11-06 18:07:27', 2, '', true, 0, 0, 0, false, false, 'ragnarok', 0, '1541527647', 0, NULL, NULL, NULL, NULL);
INSERT INTO public.players (steamid, playername, lastseen, server, playedtime, rewardpoints, firstseen, connects, discordid, banned, totalauctions, itemauctions, dinoauctions, restartbit, primordialbit, homeserver, transferpoints, lastpointtimestamp, lottowins, lotterywinnings, email, password, apikey) VALUES ('76561198319536877', 'thom fulari', 1542073318, 'ragnarok', 687599, 454, '2018-09-17 17:38:40', 135, '', true, 0, 0, 0, true, false, 'ragnarok', 0, '1538186193.20081', 1, 640, NULL, NULL, NULL);
INSERT INTO public.players (steamid, playername, lastseen, server, playedtime, rewardpoints, firstseen, connects, discordid, banned, totalauctions, itemauctions, dinoauctions, restartbit, primordialbit, homeserver, transferpoints, lastpointtimestamp, lottowins, lotterywinnings, email, password, apikey) VALUES ('76561198017793368', 'hipp', 1541351941, 'ragnarok', 34200, 525, '2018-11-03 02:25:43', 4, '', true, 0, 0, 0, false, false, 'ragnarok', 0, '1541211943', 0, NULL, NULL, NULL, NULL);
INSERT INTO public.players (steamid, playername, lastseen, server, playedtime, rewardpoints, firstseen, connects, discordid, banned, totalauctions, itemauctions, dinoauctions, restartbit, primordialbit, homeserver, transferpoints, lastpointtimestamp, lottowins, lotterywinnings, email, password, apikey) VALUES ('76561198127270991', 'human', 1542070153, 'island', 1800, 75, '2018-11-13 00:12:13', 1, '', true, 0, 0, 0, false, false, 'island', 0, '1542067933', 0, NULL, NULL, NULL, NULL);
INSERT INTO public.players (steamid, playername, lastseen, server, playedtime, rewardpoints, firstseen, connects, discordid, banned, totalauctions, itemauctions, dinoauctions, restartbit, primordialbit, homeserver, transferpoints, lastpointtimestamp, lottowins, lotterywinnings, email, password, apikey) VALUES ('76561197991094387', 'arkians', 1541299256, 'ragnarok', 30600, 475, '2018-11-03 02:52:28', 3, '', true, 0, 0, 0, false, false, 'ragnarok', 0, '1541213548', 0, NULL, NULL, NULL, NULL);
INSERT INTO public.players (steamid, playername, lastseen, server, playedtime, rewardpoints, firstseen, connects, discordid, banned, totalauctions, itemauctions, dinoauctions, restartbit, primordialbit, homeserver, transferpoints, lastpointtimestamp, lottowins, lotterywinnings, email, password, apikey) VALUES ('76561198025137160', 'guy', 1541349825, 'ragnarok', 1800, 75, '2018-11-04 15:48:55', 1, '', true, 0, 0, 0, false, false, 'ragnarok', 0, '1541346535', 0, NULL, NULL, NULL, NULL);
INSERT INTO public.players (steamid, playername, lastseen, server, playedtime, rewardpoints, firstseen, connects, discordid, banned, totalauctions, itemauctions, dinoauctions, restartbit, primordialbit, homeserver, transferpoints, lastpointtimestamp, lottowins, lotterywinnings, email, password, apikey) VALUES ('76561198419158273', 'mondo', 1541994140, 'extinction', 527400, 8517, '2018-10-06 20:15:41', 83, 'mondochop#6916', true, 0, 0, 0, false, false, 'ragnarok', 0, '1541654213', 3, 1320, NULL, NULL, NULL);
INSERT INTO public.players (steamid, playername, lastseen, server, playedtime, rewardpoints, firstseen, connects, discordid, banned, totalauctions, itemauctions, dinoauctions, restartbit, primordialbit, homeserver, transferpoints, lastpointtimestamp, lottowins, lotterywinnings, email, password, apikey) VALUES ('76561198135258743', 'viper', 1541549441, 'ragnarok', 7200, 150, '2018-11-06 21:55:53', 1, '', true, 0, 0, 0, false, false, 'ragnarok', 0, '1541541353', 0, NULL, NULL, NULL, NULL);
INSERT INTO public.players (steamid, playername, lastseen, server, playedtime, rewardpoints, firstseen, connects, discordid, banned, totalauctions, itemauctions, dinoauctions, restartbit, primordialbit, homeserver, transferpoints, lastpointtimestamp, lottowins, lotterywinnings, email, password, apikey) VALUES ('76561198132712822', 'mr x', 1541624242, 'ragnarok', 0, 50, '2018-11-07 20:55:24', 1, '', true, 0, 0, 0, false, false, 'ragnarok', 0, '1541624124', 0, NULL, NULL, NULL, NULL);
INSERT INTO public.players (steamid, playername, lastseen, server, playedtime, rewardpoints, firstseen, connects, discordid, banned, totalauctions, itemauctions, dinoauctions, restartbit, primordialbit, homeserver, transferpoints, lastpointtimestamp, lottowins, lotterywinnings, email, password, apikey) VALUES ('76561198016211292', 'phillip', 1541350715, 'volcano', 19800, 325, '2018-11-03 20:40:57', 2, '', true, 0, 0, 0, false, false, 'volcano', 0, '1541277657', 0, NULL, NULL, NULL, NULL);
INSERT INTO public.players (steamid, playername, lastseen, server, playedtime, rewardpoints, firstseen, connects, discordid, banned, totalauctions, itemauctions, dinoauctions, restartbit, primordialbit, homeserver, transferpoints, lastpointtimestamp, lottowins, lotterywinnings, email, password, apikey) VALUES ('76561198137465470', 'sh4dowm4ster', 1541940665, 'ragnarok', 1889, 75, '2018-11-11 11:49:18', 1, '', true, 0, 0, 0, false, false, 'ragnarok', 0, '1541936958', 0, NULL, NULL, NULL, NULL);
INSERT INTO public.players (steamid, playername, lastseen, server, playedtime, rewardpoints, firstseen, connects, discordid, banned, totalauctions, itemauctions, dinoauctions, restartbit, primordialbit, homeserver, transferpoints, lastpointtimestamp, lottowins, lotterywinnings, email, password, apikey) VALUES ('76561198152474963', 'ninjasmuffins', 1542074003, 'ragnarok', 161999, 253, '2018-11-06 22:26:46', 19, '', true, 0, 0, 0, false, false, 'ragnarok', 0, '1541543206', 0, NULL, NULL, NULL, NULL);
INSERT INTO public.players (steamid, playername, lastseen, server, playedtime, rewardpoints, firstseen, connects, discordid, banned, totalauctions, itemauctions, dinoauctions, restartbit, primordialbit, homeserver, transferpoints, lastpointtimestamp, lottowins, lotterywinnings, email, password, apikey) VALUES ('76561198279667550', 'liddle-a-hole', 1541648638, 'ragnarok', 3600, 100, '2018-11-06 01:59:02', 3, '', true, 0, 0, 0, false, false, 'ragnarok', 0, '1541469542', 0, NULL, NULL, NULL, NULL);
INSERT INTO public.players (steamid, playername, lastseen, server, playedtime, rewardpoints, firstseen, connects, discordid, banned, totalauctions, itemauctions, dinoauctions, restartbit, primordialbit, homeserver, transferpoints, lastpointtimestamp, lottowins, lotterywinnings, email, password, apikey) VALUES ('76561198044197687', 'noksuecow', 1542071102, 'ragnarok', 3600, 100, '2018-11-13 00:01:55', 1, '', true, 0, 0, 0, false, false, 'ragnarok', 0, '1542067315', 0, NULL, NULL, NULL, NULL);


--
-- Data for Name: testtable; Type: TABLE DATA; Schema: public; Owner: pyark
--



--
-- Name: events_id_seq; Type: SEQUENCE SET; Schema: public; Owner: root
--

SELECT pg_catalog.setval('public.events_id_seq', 1, false);


--
-- Name: globalbuffer_id_seq; Type: SEQUENCE SET; Schema: public; Owner: root
--

SELECT pg_catalog.setval('public.globalbuffer_id_seq', 276, true);


--
-- Name: lotteryinfo_id_seq; Type: SEQUENCE SET; Schema: public; Owner: root
--

SELECT pg_catalog.setval('public.lotteryinfo_id_seq', 3, true);


--
-- Name: testtable_id_seq; Type: SEQUENCE SET; Schema: public; Owner: pyark
--

SELECT pg_catalog.setval('public.testtable_id_seq', 1, false);


--
-- PostgreSQL database dump complete
--

